key,n,converge_rate,rel_error_median,rel_error_max,time_median,time_mean,iter_median
fw+bisect:k=10:d=10,50,1.0000,2.82e-08,2.04e-07,0.045779,0.053932,48
fw+bisect:k=10:d=2,50,1.0000,2.82e-10,2.88e-07,0.019508,0.017111,30
fw+bisect:k=10:d=3,50,1.0000,4.86e-09,5.94e-07,0.025675,0.026528,36
fw+bisect:k=10:d=5,50,1.0000,9.69e-09,3.46e-07,0.030331,0.042399,40
fw+bisect:k=2:d=10,50,1.0000,2.63e-11,3.28e-08,0.000979,0.000979,2
fw+bisect:k=2:d=2,50,1.0000,5.22e-10,9.42e-08,0.000931,0.000932,2
fw+bisect:k=2:d=3,50,1.0000,3.99e-10,1.23e-07,0.000929,0.000930,2
fw+bisect:k=2:d=5,50,1.0000,2.22e-10,6.22e-08,0.000943,0.000943,2
fw+bisect:k=3:d=10,50,1.0000,7.80e-10,2.71e-08,0.026302,0.024210,29
fw+bisect:k=3:d=2,50,1.0000,2.11e-09,5.74e-08,0.003611,0.014863,6
fw+bisect:k=3:d=3,50,1.0000,2.76e-09,4.18e-08,0.007525,0.011318,10
fw+bisect:k=3:d=5,50,1.0000,4.65e-10,3.68e-08,0.016550,0.013677,20
fw+bisect:k=4:d=10,50,1.0000,5.70e-10,2.45e-08,0.028053,0.027953,31
fw+bisect:k=4:d=2,50,1.0000,3.44e-10,1.16e-07,0.001904,0.014976,5
fw+bisect:k=4:d=3,50,1.0000,7.03e-10,5.57e-08,0.017441,0.014795,22
fw+bisect:k=4:d=5,50,1.0000,6.89e-10,8.44e-08,0.024766,0.023257,30
fw+bisect:k=5:d=10,50,1.0000,1.11e-09,2.68e-07,0.031291,0.031895,34
fw+bisect:k=5:d=2,50,1.0000,1.61e-10,5.25e-08,0.003298,0.011796,8
fw+bisect:k=5:d=3,50,1.0000,1.41e-10,2.68e-08,0.021811,0.021912,28
fw+bisect:k=5:d=5,50,1.0000,1.10e-09,7.50e-08,0.024051,0.029008,29
fw+bisect:k=6:d=10,50,1.0000,6.06e-09,2.89e-07,0.032883,0.037095,36
fw+bisect:k=6:d=2,50,1.0000,3.07e-10,1.21e-07,0.002920,0.014774,8
fw+bisect:k=6:d=3,50,1.0000,1.09e-09,1.11e-07,0.023290,0.022835,30
fw+bisect:k=6:d=5,50,1.0000,2.02e-09,2.20e-07,0.026480,0.039563,33
fw+bisect:k=8:d=10,50,1.0000,1.17e-08,2.12e-07,0.039834,0.054617,43
fw+bisect:k=8:d=2,50,1.0000,1.00e-09,1.71e-07,0.018374,0.014769,26
fw+bisect:k=8:d=3,50,1.0000,2.81e-09,3.92e-07,0.024728,0.026747,32
fw+bisect:k=8:d=5,50,1.0000,2.73e-09,2.36e-07,0.029697,0.038326,37
fw+brentq+newton:k=10:d=10,50,1.0000,2.82e-08,2.04e-07,0.012780,0.013610,69
fw+brentq+newton:k=10:d=2,50,1.0000,2.88e-10,2.88e-07,0.005095,0.004464,38
fw+brentq+newton:k=10:d=3,50,1.0000,4.87e-09,5.94e-07,0.005592,0.006668,40
fw+brentq+newton:k=10:d=5,50,1.0000,9.71e-09,3.46e-07,0.007893,0.009458,54
fw+brentq+newton:k=2:d=10,50,1.0000,2.63e-11,3.28e-08,0.000420,0.000929,4
fw+brentq+newton:k=2:d=2,50,1.0000,5.22e-10,9.42e-08,0.000367,0.000570,3
fw+brentq+newton:k=2:d=3,50,1.0000,3.99e-10,1.23e-07,0.000330,0.000428,3
fw+brentq+newton:k=2:d=5,50,1.0000,2.22e-10,6.22e-08,0.000398,0.000595,4
fw+brentq+newton:k=3:d=10,50,1.0000,7.92e-10,2.71e-08,0.005660,0.006033,35
fw+brentq+newton:k=3:d=2,50,1.0000,2.11e-09,5.76e-08,0.002270,0.003886,16
fw+brentq+newton:k=3:d=3,50,1.0000,2.76e-09,4.18e-08,0.002748,0.002684,20
fw+brentq+newton:k=3:d=5,50,1.0000,4.84e-10,3.68e-08,0.004245,0.003357,24
fw+brentq+newton:k=4:d=10,50,1.0000,6.00e-10,2.45e-08,0.007381,0.007231,44
fw+brentq+newton:k=4:d=2,50,1.0000,4.63e-10,1.16e-07,0.000920,0.003313,8
fw+brentq+newton:k=4:d=3,50,1.0000,7.18e-10,5.57e-08,0.003976,0.003534,28
fw+brentq+newton:k=4:d=5,50,1.0000,6.94e-10,8.44e-08,0.005292,0.005611,35
fw+brentq+newton:k=5:d=10,50,1.0000,1.12e-09,2.68e-07,0.008830,0.008573,52
fw+brentq+newton:k=5:d=2,50,1.0000,1.55e-10,5.26e-08,0.002556,0.002870,18
fw+brentq+newton:k=5:d=3,50,1.0000,1.53e-10,2.68e-08,0.004855,0.005056,32
fw+brentq+newton:k=5:d=5,50,1.0000,1.13e-09,7.51e-08,0.005614,0.006644,36
fw+brentq+newton:k=6:d=10,50,1.0000,6.07e-09,2.89e-07,0.008847,0.009308,52
fw+brentq+newton:k=6:d=2,50,1.0000,3.52e-10,1.21e-07,0.002081,0.003892,20
fw+brentq+newton:k=6:d=3,50,1.0000,1.14e-09,1.11e-07,0.004898,0.005126,34
fw+brentq+newton:k=6:d=5,50,1.0000,2.05e-09,2.20e-07,0.006096,0.008929,42
fw+brentq+newton:k=8:d=10,50,1.0000,1.17e-08,2.12e-07,0.010522,0.013008,62
fw+brentq+newton:k=8:d=2,50,1.0000,1.01e-09,1.71e-07,0.004366,0.003802,34
fw+brentq+newton:k=8:d=3,50,1.0000,2.84e-09,3.92e-07,0.005510,0.006286,40
fw+brentq+newton:k=8:d=5,50,1.0000,2.75e-09,2.36e-07,0.007204,0.009010,48
fw+brentq:k=10:d=10,50,1.0000,2.82e-08,2.04e-07,0.008646,0.010028,50
fw+brentq:k=10:d=2,50,1.0000,2.81e-10,2.88e-07,0.004425,0.003807,32
fw+brentq:k=10:d=3,50,1.0000,4.86e-09,5.94e-07,0.005107,0.005879,37
fw+brentq:k=10:d=5,50,1.0000,9.70e-09,3.46e-07,0.006516,0.008274,42
fw+brentq:k=2:d=10,50,1.0000,2.63e-11,3.28e-08,0.000244,0.000248,2
fw+brentq:k=2:d=2,50,1.0000,5.22e-10,9.42e-08,0.000246,0.000250,2
fw+brentq:k=2:d=3,50,1.0000,3.99e-10,1.23e-07,0.000243,0.000243,2
fw+brentq:k=2:d=5,50,1.0000,2.22e-10,6.22e-08,0.000246,0.000247,2
fw+brentq:k=3:d=10,50,1.0000,7.74e-10,2.71e-08,0.004805,0.004572,30
fw+brentq:k=3:d=2,50,1.0000,2.11e-09,5.73e-08,0.000678,0.003395,5
fw+brentq:k=3:d=3,50,1.0000,2.76e-09,4.18e-08,0.001920,0.002283,12
fw+brentq:k=3:d=5,50,1.0000,4.80e-10,3.67e-08,0.002834,0.002706,18
fw+brentq:k=4:d=10,50,1.0000,5.86e-10,2.45e-08,0.005154,0.005129,32
fw+brentq:k=4:d=2,50,1.0000,3.79e-10,1.16e-07,0.000518,0.003000,5
fw+brentq:k=4:d=3,50,1.0000,7.00e-10,5.57e-08,0.003437,0.002961,22
fw+brentq:k=4:d=5,50,1.0000,6.87e-10,8.44e-08,0.004528,0.004543,30
fw+brentq:k=5:d=10,50,1.0000,1.12e-09,2.68e-07,0.005747,0.005937,35
fw+brentq:k=5:d=2,50,1.0000,1.27e-10,5.25e-08,0.000957,0.002383,8
fw+brentq:k=5:d=3,50,1.0000,1.41e-10,2.67e-08,0.004405,0.004440,30
fw+brentq:k=5:d=5,50,1.0000,1.11e-09,7.50e-08,0.004805,0.005568,31
fw+brentq:k=6:d=10,50,1.0000,6.06e-09,2.89e-07,0.006415,0.007119,38
fw+brentq:k=6:d=2,50,1.0000,2.96e-10,1.21e-07,0.001058,0.003340,9
fw+brentq:k=6:d=3,50,1.0000,1.09e-09,1.11e-07,0.004277,0.004412,29
fw+brentq:k=6:d=5,50,1.0000,2.03e-09,2.20e-07,0.005311,0.007469,35
fw+brentq:k=8:d=10,50,1.0000,1.17e-08,2.12e-07,0.007397,0.009924,44
fw+brentq:k=8:d=2,50,1.0000,1.00e-09,1.71e-07,0.003831,0.003171,28
fw+brentq:k=8:d=3,50,1.0000,2.82e-09,3.92e-07,0.004680,0.005468,32
fw+brentq:k=8:d=5,50,1.0000,2.73e-09,2.36e-07,0.005553,0.007709,38
